{
	"parent": "item/handheld",
	"textures": {
		"layer0": "items/diamond_hoe"
	},
	"overrides": [
		{ "_comment_id_": "this is your default breakable item ","predicate": {"damaged": 0, "damage": 0}, "model": "item/diamond_hoe"},
		{ "_comment_id_": "give player minecraft:diamond_hoe 1 1 {Unbreakable:1} ","predicate": {"damaged": 0, "damage": 0.00064020486}, "model": "item/gun_models/colt_model_1903"},
		{ "_comment_id_": "give player minecraft:diamond_hoe 1 2 {Unbreakable:1} ","predicate": {"damaged": 0, "damage": 0.00128040973}, "model": "item/gun_models/luger_pistol"},
		{ "_comment_id_": "give player minecraft:diamond_hoe 1 3 {Unbreakable:1} ","predicate": {"damaged": 0, "damage": 0.00192061459}, "model": "item/gun_models/m1917_enfield"},
		{ "_comment_id_": "give player minecraft:diamond_hoe 1 4 {Unbreakable:1} ","predicate": {"damaged": 0, "damage": 0.00256081946}, "model": "item/gun_models/mauser_m1916"},
		{ "_comment_id_": "give player minecraft:diamond_hoe 1 5 {Unbreakable:1} ","predicate": {"damaged": 0, "damage": 0.00320102432}, "model": "item/gun_models/winchester_1897"},
		{ "_comment_id_": "give player minecraft:diamond_hoe 1 6 {Unbreakable:1} ","predicate": {"damaged": 0, "damage": 0.00384122919}, "model": "item/gun_models/browning_auto5"},
		{  "_comment_id_": "give player minecraft:diamond_hoe 1 7 {Unbreakable:1} ","predicate": {"damaged": 0, "damage": 0.004481434058898847}, "model": "item/gun_models/luger_pistol_gold"},
		{  "_comment_id_": "give player minecraft:diamond_hoe 1 8 {Unbreakable:1} ","predicate": {"damaged": 0, "damage": 0.005121638924455826}, "model": "item/gun_models/colt_model_1903_gold"},
		{  "_comment_id_": "give player minecraft:diamond_hoe 1 9 {Unbreakable:1} ","predicate": {"damaged": 0, "damage": 0.005761843790012804}, "model": "item/gun_models/m1917_enfield_gold"},
		{  "_comment_id_": "give player minecraft:diamond_hoe 1 10 {Unbreakable:1} ","predicate": {"damaged": 0, "damage": 0.006402048655569782}, "model": "item/gun_models/mauser_m1916_gold"},
		{  "_comment_id_": "give player minecraft:diamond_hoe 1 11 {Unbreakable:1} ","predicate": {"damaged": 0, "damage": 0.00704225352112676}, "model": "item/gun_models/winchester_1897_gold"},
		{  "_comment_id_": "give player minecraft:diamond_hoe 1 12 {Unbreakable:1} ","predicate": {"damaged": 0, "damage": 0.0076824583866837385}, "model": "item/gun_models/browning_auto5_gold"},
		{ "_comment_id_": "this is your default breakable item ","predicate": {"damaged": 0, "damage": 0.008322663252240717}, "model": "item/diamond_hoe"},
		{ "_comment_id_": "this is your default breakable item ","predicate": {"damaged": 1, "damage": 0}, "model": "item/diamond_hoe"}
	]
}
t0.008962868117797694