{
	"parent": "item/handheld",
	"textures": {
		"layer0": "items/diamond_hoe"
	},
	"overrides": [
		{ "_comment_id_": "this is your default breakable item ","predicate": {"damaged": 0, "damage": 0}, "model": "item/diamond_hoe"},
		{ "_comment_id_": "give player minecraft:diamond_hoe 1 1 {Unbreakable:1} ","predicate": {"damaged": 0, "damage": 0.00064020486}, "model": "item/gun_models/colt_model_1903"},
		{ "_comment_id_": "give player minecraft:diamond_hoe 1 2 {Unbreakable:1} ","predicate": {"damaged": 0, "damage": 0.00128040973}, "model": "item/gun_models/luger_pistol"},
		{ "_comment_id_": "give player minecraft:diamond_hoe 1 3 {Unbreakable:1} ","predicate": {"damaged": 0, "damage": 0.00192061459}, "model": "item/gun_models/m1917_enfield"},
		{ "_comment_id_": "give player minecraft:diamond_hoe 1 4 {Unbreakable:1} ","predicate": {"damaged": 0, "damage": 0.00256081946}, "model": "item/gun_models/mauser_m1916"},
		{ "_comment_id_": "give player minecraft:diamond_hoe 1 5 {Unbreakable:1} ","predicate": {"damaged": 0, "damage": 0.00320102432}, "model": "item/gun_models/winchester_1897"},
		{ "_comment_id_": "give player minecraft:diamond_hoe 1 6 {Unbreakable:1} ","predicate": {"damaged": 0, "damage": 0.00384122919}, "model": "item/gun_models/browning_auto5"},
		{ "_comment_id_": "this is your default breakable item ","predicate": {"damaged": 0, "damage": 0.004481434058898847}, "model": "item/diamond_hoe"},
		{ "_comment_id_": "this is your default breakable item ","predicate": {"damaged": 1, "damage": 0}, "model": "item/diamond_hoe"}
	]
}