{
"__comment": "Designed by Corporalblober with BDcraft Cubik PRO 0.95 Beta - http://bdcraft.net",
"textures": {
    "particle": "nubx/gun_textures/1-metal-mixed",
    "texture": "nubx/gun_textures/wood-light",
    "door iron lower": "nubx/gun_textures/1-metal-mixed"
},
"elements": [ 
{
    "from": [ -12, 9.25, 7.5 ],
    "to": [ 18.25, 9.75, 7.75 ],
    "faces": {
        "down":  { "uv": [ 16, 7.75, 0, 7.5 ], "texture": "#door iron lower" },
        "up":    { "uv": [ 0, 7.5, 16, 7.75 ], "texture": "#door iron lower" },
        "north": { "uv": [ 0, 6.25, 16, 6.75 ], "texture": "#door iron lower" },
        "south": { "uv": [ 0, 6.25, 16, 6.75 ], "texture": "#door iron lower" },
        "west":  { "uv": [ 7.5, 6.25, 7.75, 6.75 ], "texture": "#door iron lower" },
        "east":  { "uv": [ 8.25, 6.25, 8.5, 6.75 ], "texture": "#door iron lower" }
    }
},
{
    "from": [ -12, 9.25, 8.25 ],
    "to": [ 18.25, 9.75, 8.5 ],
    "faces": {
        "down":  { "uv": [ 16, 8.5, 0, 8.25 ], "texture": "#door iron lower" },
        "up":    { "uv": [ 0, 8.25, 16, 8.5 ], "texture": "#door iron lower" },
        "north": { "uv": [ 0, 6.25, 16, 6.75 ], "texture": "#door iron lower" },
        "south": { "uv": [ 0, 6.25, 16, 6.75 ], "texture": "#door iron lower" },
        "west":  { "uv": [ 8.25, 6.25, 8.5, 6.75 ], "texture": "#door iron lower" },
        "east":  { "uv": [ 7.5, 6.25, 7.75, 6.75 ], "texture": "#door iron lower" }
    }
},
{
    "from": [ -12, 9, 7.75 ],
    "to": [ 13, 9.25, 8.25 ],
    "faces": {
        "down":  { "uv": [ 16, 8.25, 3, 7.75 ], "texture": "#door iron lower", "cullface": "west" },
        "up":    { "uv": [ 0, 7.75, 13, 8.25 ], "texture": "#door iron lower", "cullface": "west" },
        "north": { "uv": [ 3, 6.75, 16, 7 ], "texture": "#door iron lower", "cullface": "west" },
        "south": { "uv": [ 0, 6.75, 13, 7 ], "texture": "#door iron lower", "cullface": "west" },
        "west":  { "uv": [ 7.75, 6.75, 8.25, 7 ], "texture": "#door iron lower", "cullface": "west" }
    }
},
{
    "from": [ -12, 9.75, 7.75 ],
    "to": [ 18.25, 10, 8.25 ],
    "faces": {
        "down":  { "uv": [ 16, 8.25, 0, 7.75 ], "texture": "#door iron lower" },
        "up":    { "uv": [ 0, 7.75, 16, 8.25 ], "texture": "#door iron lower" },
        "north": { "uv": [ 0, 6, 16, 6.25 ], "texture": "#door iron lower" },
        "south": { "uv": [ 0, 6, 16, 6.25 ], "texture": "#door iron lower" },
        "west":  { "uv": [ 7.75, 6, 8.25, 6.25 ], "texture": "#door iron lower" },
        "east":  { "uv": [ 7.75, 6, 8.25, 6.25 ], "texture": "#door iron lower" }
    }
},
{
    "from": [ -7.75, 9, 7.25 ],
    "to": [ -4.25, 9.5, 8.75 ],
    "faces": {
        "down":  { "uv": [ 16, 8.75, 16, 7.25 ], "texture": "#texture", "cullface": "west" },
        "up":    { "uv": [ 0, 7.25, 0, 8.75 ], "texture": "#texture", "cullface": "west" },
        "north": { "uv": [ 16, 6.5, 16, 7 ], "texture": "#texture", "cullface": "west" },
        "south": { "uv": [ 0, 6.5, 0, 7 ], "texture": "#texture", "cullface": "west" },
        "west":  { "uv": [ 7.25, 6.5, 8.75, 7 ], "texture": "#texture", "cullface": "west" }
    }
},
{
    "from": [ -4.25, 8.5, 7.5 ],
    "to": [ -0.25, 8.75, 8.5 ],
    "faces": {
        "down":  { "uv": [ 16, 8.5, 16, 7.5 ], "texture": "#texture", "cullface": "west" },
        "north": { "uv": [ 16, 7.25, 16, 7.5 ], "texture": "#texture", "cullface": "west" },
        "south": { "uv": [ 0, 7.25, 0, 7.5 ], "texture": "#texture", "cullface": "west" },
        "west":  { "uv": [ 7.5, 7.25, 8.5, 7.5 ], "texture": "#texture", "cullface": "west" }
    }
},
{
    "from": [ -0.25, 8.25, 7.5 ],
    "to": [ 6, 8.5, 8.5 ],
    "faces": {
        "down":  { "uv": [ 16, 8.5, 10, 7.5 ], "texture": "#texture", "cullface": "west" },
        "north": { "uv": [ 10, 7.5, 16, 7.75 ], "texture": "#texture", "cullface": "west" },
        "south": { "uv": [ 0, 7.5, 6, 7.75 ], "texture": "#texture", "cullface": "west" },
        "west":  { "uv": [ 7.5, 7.5, 8.5, 7.75 ], "texture": "#texture", "cullface": "west" }
    }
},
{
    "from": [ 6, 8, 7.5 ],
    "to": [ 13, 8.25, 8.5 ],
    "faces": {
        "down":  { "uv": [ 10, 8.5, 3, 7.5 ], "texture": "#texture" },
        "north": { "uv": [ 3, 7.75, 10, 8 ], "texture": "#texture" },
        "south": { "uv": [ 6, 7.75, 13, 8 ], "texture": "#texture" },
        "west":  { "uv": [ 7.5, 7.75, 8.5, 8 ], "texture": "#texture" }
    }
},
{
    "from": [ -2.75, 8.75, 7 ],
    "to": [ -1.75, 9.5, 7.25 ],
    "faces": {
        "down":  { "uv": [ 16, 7.25, 16, 7 ], "texture": "#door iron lower", "cullface": "west" },
        "up":    { "uv": [ 0, 7, 0, 7.25 ], "texture": "#door iron lower", "cullface": "west" },
        "north": { "uv": [ 16, 6.5, 16, 7.25 ], "texture": "#door iron lower", "cullface": "west" },
        "west":  { "uv": [ 7, 6.5, 7.25, 7.25 ], "texture": "#door iron lower", "cullface": "west" },
        "east":  { "uv": [ 8.75, 6.5, 9, 7.25 ], "texture": "#door iron lower", "cullface": "west" }
    }
},
{
    "from": [ -2.75, 8.75, 8.75 ],
    "to": [ -1.75, 9.5, 9 ],
    "faces": {
        "down":  { "uv": [ 16, 9, 16, 8.75 ], "texture": "#door iron lower", "cullface": "west" },
        "up":    { "uv": [ 0, 8.75, 0, 9 ], "texture": "#door iron lower", "cullface": "west" },
        "south": { "uv": [ 0, 6.5, 0, 7.25 ], "texture": "#door iron lower", "cullface": "west" },
        "west":  { "uv": [ 8.75, 6.5, 9, 7.25 ], "texture": "#door iron lower", "cullface": "west" },
        "east":  { "uv": [ 7, 6.5, 7.25, 7.25 ], "texture": "#door iron lower", "cullface": "west" }
    }
},
{
    "from": [ -2.75, 8.25, 7.5 ],
    "to": [ -1.75, 8.5, 8.5 ],
    "faces": {
        "down":  { "uv": [ 16, 8.5, 16, 7.5 ], "texture": "#door iron lower", "cullface": "west" },
        "north": { "uv": [ 16, 7.5, 16, 7.75 ], "texture": "#door iron lower", "cullface": "west" },
        "south": { "uv": [ 0, 7.5, 0, 7.75 ], "texture": "#door iron lower", "cullface": "west" },
        "west":  { "uv": [ 7.5, 7.5, 8.5, 7.75 ], "texture": "#door iron lower", "cullface": "west" },
        "east":  { "uv": [ 7.5, 7.5, 8.5, 7.75 ], "texture": "#door iron lower", "cullface": "west" }
    }
},
{
    "from": [ 6, 8.25, 7.25 ],
    "to": [ 13, 9.5, 8.75 ],
    "faces": {
        "down":  { "uv": [ 10, 8.75, 3, 7.25 ], "texture": "#texture" },
        "up":    { "uv": [ 6, 7.25, 13, 8.75 ], "texture": "#texture" },
        "north": { "uv": [ 3, 6.5, 10, 7.75 ], "texture": "#texture" },
        "south": { "uv": [ 6, 6.5, 13, 7.75 ], "texture": "#texture" },
        "west":  { "uv": [ 7.25, 6.5, 8.75, 7.75 ], "texture": "#texture" }
    }
},
{
    "from": [ -0.25, 8.5, 7.25 ],
    "to": [ 6, 9.5, 8.75 ],
    "faces": {
        "down":  { "uv": [ 16, 8.75, 10, 7.25 ], "texture": "#texture", "cullface": "west" },
        "up":    { "uv": [ 0, 7.25, 6, 8.75 ], "texture": "#texture", "cullface": "west" },
        "north": { "uv": [ 10, 6.5, 16, 7.5 ], "texture": "#texture", "cullface": "west" },
        "south": { "uv": [ 0, 6.5, 6, 7.5 ], "texture": "#texture", "cullface": "west" },
        "west":  { "uv": [ 7.25, 6.5, 8.75, 7.5 ], "texture": "#texture", "cullface": "west" }
    }
},
{
    "from": [ -4.25, 8.75, 7.25 ],
    "to": [ -0.25, 9.5, 8.75 ],
    "faces": {
        "down":  { "uv": [ 16, 8.75, 16, 7.25 ], "texture": "#texture", "cullface": "west" },
        "up":    { "uv": [ 0, 7.25, 0, 8.75 ], "texture": "#texture", "cullface": "west" },
        "north": { "uv": [ 16, 6.5, 16, 7.25 ], "texture": "#texture", "cullface": "west" },
        "south": { "uv": [ 0, 6.5, 0, 7.25 ], "texture": "#texture", "cullface": "west" },
        "west":  { "uv": [ 7.25, 6.5, 8.75, 7.25 ], "texture": "#texture", "cullface": "west" }
    }
},
{
    "from": [ -7.25, 8.75, 7.5 ],
    "to": [ -4.25, 9, 8.5 ],
    "faces": {
        "down":  { "uv": [ 16, 8.5, 16, 7.5 ], "texture": "#texture", "cullface": "west" },
        "north": { "uv": [ 16, 7, 16, 7.25 ], "texture": "#texture", "cullface": "west" },
        "south": { "uv": [ 0, 7, 0, 7.25 ], "texture": "#texture", "cullface": "west" },
        "west":  { "uv": [ 7.5, 7, 8.5, 7.25 ], "texture": "#texture", "cullface": "west" }
    }
},
{
    "from": [ -2.75, 8.5, 7.25 ],
    "to": [ -1.75, 8.75, 8.75 ],
    "faces": {
        "down":  { "uv": [ 16, 8.75, 16, 7.25 ], "texture": "#door iron lower", "cullface": "west" },
        "north": { "uv": [ 16, 7.25, 16, 7.5 ], "texture": "#door iron lower", "cullface": "west" },
        "south": { "uv": [ 0, 7.25, 0, 7.5 ], "texture": "#door iron lower", "cullface": "west" },
        "west":  { "uv": [ 7.25, 7.25, 8.75, 7.5 ], "texture": "#door iron lower", "cullface": "west" },
        "east":  { "uv": [ 7.25, 7.25, 8.75, 7.5 ], "texture": "#door iron lower", "cullface": "west" }
    }
},
{
    "from": [ -2.75, 9.5, 7.25 ],
    "to": [ -1.75, 9.75, 7.5 ],
    "faces": {
        "up":    { "uv": [ 0, 7.25, 0, 7.5 ], "texture": "#door iron lower", "cullface": "west" },
        "north": { "uv": [ 16, 6.25, 16, 6.5 ], "texture": "#door iron lower", "cullface": "west" },
        "west":  { "uv": [ 7.25, 6.25, 7.5, 6.5 ], "texture": "#door iron lower", "cullface": "west" },
        "east":  { "uv": [ 8.5, 6.25, 8.75, 6.5 ], "texture": "#door iron lower", "cullface": "west" }
    }
},
{
    "from": [ -2.75, 9.5, 8.5 ],
    "to": [ -1.75, 9.75, 8.75 ],
    "faces": {
        "up":    { "uv": [ 0, 8.5, 0, 8.75 ], "texture": "#door iron lower", "cullface": "west" },
        "south": { "uv": [ 0, 6.25, 0, 6.5 ], "texture": "#door iron lower", "cullface": "west" },
        "west":  { "uv": [ 8.5, 6.25, 8.75, 6.5 ], "texture": "#door iron lower", "cullface": "west" },
        "east":  { "uv": [ 7.25, 6.25, 7.5, 6.5 ], "texture": "#door iron lower", "cullface": "west" }
    }
},
{
    "from": [ 13, 7.75, 7.5 ],
    "to": [ 20, 8, 8.5 ],
    "faces": {
        "down":  { "uv": [ 3, 8.5, 0, 7.5 ], "texture": "#texture", "cullface": "east" },
        "north": { "uv": [ 0, 8, 3, 8.25 ], "texture": "#texture", "cullface": "east" },
        "south": { "uv": [ 13, 8, 16, 8.25 ], "texture": "#texture", "cullface": "east" },
        "west":  { "uv": [ 7.5, 8, 8.5, 8.25 ], "texture": "#texture", "cullface": "east" },
        "east":  { "uv": [ 7.5, 8, 8.5, 8.25 ], "texture": "#texture", "cullface": "east" }
    }
},
{
    "from": [ 13, 8, 7.25 ],
    "to": [ 20, 9.5, 8.75 ],
    "faces": {
        "down":  { "uv": [ 3, 8.75, 0, 7.25 ], "texture": "#texture", "cullface": "east" },
        "up":    { "uv": [ 13, 7.25, 16, 8.75 ], "texture": "#texture", "cullface": "east" },
        "north": { "uv": [ 0, 6.5, 3, 8 ], "texture": "#texture", "cullface": "east" },
        "south": { "uv": [ 13, 6.5, 16, 8 ], "texture": "#texture", "cullface": "east" },
        "west":  { "uv": [ 7.25, 6.5, 8.75, 8 ], "texture": "#texture", "cullface": "east" }
    }
},
{
    "from": [ 19.8125, 3.125, 7.5 ],
    "to": [ 20.0625, 7.875, 8.5 ],
    "rotation": { "origin": [ 19.8125, 7.875, 7.5 ], "axis": "z", "angle": 22.5 },
    "faces": {
        "down":  { "uv": [ 0, 8.5, 0, 7.5 ], "texture": "#texture", "cullface": "east" },
        "up":    { "uv": [ 16, 7.5, 16, 8.5 ], "texture": "#texture", "cullface": "east" },
        "north": { "uv": [ 0, 8, 0, 12 ], "texture": "#texture", "cullface": "east" },
        "south": { "uv": [ 16, 8, 16, 12 ], "texture": "#texture", "cullface": "east" },
        "west":  { "uv": [ 7.5, 8, 8.5, 12 ], "texture": "#texture", "cullface": "east" },
        "east":  { "uv": [ 7.5, 8, 8.5, 12 ], "texture": "#texture", "cullface": "east" }
    }
},
{
    "from": [ 20, 3.125, 7.25 ],
    "to": [ 21.75, 7.875, 8.75 ],
    "rotation": { "origin": [ 20, 7.875, 7.25 ], "axis": "z", "angle": 22.5 },
    "faces": {
        "down":  { "uv": [ 0, 8.75, 0, 7.25 ], "texture": "#texture", "cullface": "east" },
        "up":    { "uv": [ 16, 7.25, 16, 8.75 ], "texture": "#texture", "cullface": "east" },
        "north": { "uv": [ 0, 8.125, 0, 12.125 ], "texture": "#texture", "cullface": "east" },
        "south": { "uv": [ 16, 8.125, 16, 12.125 ], "texture": "#texture", "cullface": "east" },
        "west":  { "uv": [ 7.25, 8.125, 8.75, 12.125 ], "texture": "#texture", "cullface": "east" },
        "east":  { "uv": [ 7.25, 8.125, 8.75, 12.125 ], "texture": "#texture", "cullface": "east" }
    }
},
{
    "from": [ 20, 8, 7.25 ],
    "to": [ 21.375, 9.5, 8.75 ],
    "rotation": { "origin": [ 20, 9.5, 7.25 ], "axis": "z", "angle": -22.5 },
    "faces": {
        "down":  { "uv": [ 0, 8.75, 0, 7.25 ], "texture": "#texture", "cullface": "east" },
        "up":    { "uv": [ 16, 7.25, 16, 8.75 ], "texture": "#texture", "cullface": "east" },
        "north": { "uv": [ 0, 6.5, 0, 8 ], "texture": "#texture", "cullface": "east" },
        "south": { "uv": [ 16, 6.5, 16, 8 ], "texture": "#texture", "cullface": "east" },
        "east":  { "uv": [ 7.25, 6.5, 8.75, 8 ], "texture": "#texture", "cullface": "east" }
    }
},
{
    "from": [ 20.5, 7.5, 7.25 ],
    "to": [ 21.5, 8.25, 8.75 ],
    "rotation": { "origin": [ 20.5, 8.25, 7.25 ], "axis": "z", "angle": 45 },
    "faces": {
        "down":  { "uv": [ 0, 8.75, 0, 7.25 ], "texture": "#texture", "cullface": "east" },
        "up":    { "uv": [ 16, 7.25, 16, 8.75 ], "texture": "#texture", "cullface": "east" },
        "north": { "uv": [ 0, 8, 0, 11 ], "texture": "#texture", "cullface": "east" },
        "south": { "uv": [ 16, 8, 16, 11 ], "texture": "#texture", "cullface": "east" },
        "west":  { "uv": [ 7.25, 8, 8.75, 11 ], "texture": "#texture", "cullface": "east" },
        "east":  { "uv": [ 7.25, 8, 8.75, 11 ], "texture": "#texture", "cullface": "east" }
    }
},
{
    "from": [ 21.5, 4.5, 7.25 ],
    "to": [ 30.75, 6, 8.75 ],
    "faces": {
        "down":  { "uv": [ 0, 8.75, 0, 7.25 ], "texture": "#texture", "cullface": "east" },
        "up":    { "uv": [ 16, 7.25, 16, 8.75 ], "texture": "#texture", "cullface": "east" },
        "north": { "uv": [ 0, 10, 0, 11.5 ], "texture": "#texture", "cullface": "east" },
        "south": { "uv": [ 16, 10, 16, 11.5 ], "texture": "#texture", "cullface": "east" },
        "west":  { "uv": [ 7.25, 10, 8.75, 11.5 ], "texture": "#texture", "cullface": "east" },
        "east":  { "uv": [ 7.25, 10, 8.75, 11.5 ], "texture": "#texture", "cullface": "east" }
    }
},
{
    "from": [ 23.25, 4.25, 7.5 ],
    "to": [ 30.25, 4.5, 8.5 ],
    "faces": {
        "down":  { "uv": [ 0, 8.5, 0, 7.5 ], "texture": "#texture", "cullface": "east" },
        "north": { "uv": [ 0, 11.5, 0, 11.75 ], "texture": "#texture", "cullface": "east" },
        "south": { "uv": [ 16, 11.5, 16, 11.75 ], "texture": "#texture", "cullface": "east" },
        "west":  { "uv": [ 7.5, 11.5, 8.5, 11.75 ], "texture": "#texture", "cullface": "east" },
        "east":  { "uv": [ 7.5, 11.5, 8.5, 11.75 ], "texture": "#texture", "cullface": "east" }
    }
},
{
    "from": [ 23.5, 6, 7.25 ],
    "to": [ 30.75, 7.25, 8.75 ],
    "faces": {
        "up":    { "uv": [ 16, 7.25, 16, 8.75 ], "texture": "#texture", "cullface": "east" },
        "north": { "uv": [ 0, 8.75, 0, 10 ], "texture": "#texture", "cullface": "east" },
        "south": { "uv": [ 16, 8.75, 16, 10 ], "texture": "#texture", "cullface": "east" },
        "west":  { "uv": [ 7.25, 8.75, 8.75, 10 ], "texture": "#texture", "cullface": "east" },
        "east":  { "uv": [ 7.25, 8.75, 8.75, 10 ], "texture": "#texture", "cullface": "east" }
    }
},
{
    "from": [ 23.75, 7.25, 7.25 ],
    "to": [ 30.75, 7.5, 8.75 ],
    "faces": {
        "up":    { "uv": [ 16, 7.25, 16, 8.75 ], "texture": "#texture", "cullface": "east" },
        "north": { "uv": [ 0, 8.5, 0, 8.75 ], "texture": "#texture", "cullface": "east" },
        "south": { "uv": [ 16, 8.5, 16, 8.75 ], "texture": "#texture", "cullface": "east" },
        "west":  { "uv": [ 7.25, 8.5, 8.75, 8.75 ], "texture": "#texture", "cullface": "east" },
        "east":  { "uv": [ 7.25, 8.5, 8.75, 8.75 ], "texture": "#texture", "cullface": "east" }
    }
},
{
    "from": [ 24.5, 7.5, 7.25 ],
    "to": [ 30.75, 8, 8.75 ],
    "faces": {
        "up":    { "uv": [ 16, 7.25, 16, 8.75 ], "texture": "#texture", "cullface": "east" },
        "north": { "uv": [ 0, 8, 0, 8.5 ], "texture": "#texture", "cullface": "east" },
        "south": { "uv": [ 16, 8, 16, 8.5 ], "texture": "#texture", "cullface": "east" },
        "west":  { "uv": [ 7.25, 8, 8.75, 8.5 ], "texture": "#texture", "cullface": "east" },
        "east":  { "uv": [ 7.25, 8, 8.75, 8.5 ], "texture": "#texture", "cullface": "east" }
    }
},
{
    "from": [ 24.75, 8, 7.5 ],
    "to": [ 30.75, 8.25, 8.5 ],
    "faces": {
        "up":    { "uv": [ 16, 7.5, 16, 8.5 ], "texture": "#texture", "cullface": "east" },
        "north": { "uv": [ 0, 7.75, 0, 8 ], "texture": "#texture", "cullface": "east" },
        "south": { "uv": [ 16, 7.75, 16, 8 ], "texture": "#texture", "cullface": "east" },
        "west":  { "uv": [ 7.5, 7.75, 8.5, 8 ], "texture": "#texture", "cullface": "east" },
        "east":  { "uv": [ 7.5, 7.75, 8.5, 8 ], "texture": "#texture", "cullface": "east" }
    }
},
{
    "from": [ 30.75, 4.75, 7.5 ],
    "to": [ 31, 8, 8.5 ],
    "faces": {
        "down":  { "uv": [ 1.25, 8.5, 1.25, 7.5 ], "texture": "#door iron lower", "cullface": "east" },
        "up":    { "uv": [ 14.5, 7.5, 14.5, 8.5 ], "texture": "#door iron lower", "cullface": "east" },
        "north": { "uv": [ 1.5, 6.5, 1.5, 9.75 ], "texture": "#door iron lower", "cullface": "east" },
        "south": { "uv": [ 14.75, 8, 14.75, 11.25 ], "texture": "#door iron lower", "cullface": "east" },
        "west":  { "uv": [ 7.5, 8, 8.5, 11.25 ], "texture": "#door iron lower", "cullface": "east" },
        "east":  { "uv": [ 7.5, 8, 8.5, 11.25 ], "texture": "#door iron lower", "cullface": "east" }
    }
},
{
    "from": [ 18, 7, 7.75 ],
    "to": [ 18.25, 7.75, 8.25 ],
    "faces": {
        "north": { "uv": [ 0, 8.25, 0, 9 ], "texture": "#door iron lower", "cullface": "east" },
        "south": { "uv": [ 16, 8.25, 16, 9 ], "texture": "#door iron lower", "cullface": "east" },
        "west":  { "uv": [ 7.75, 8.25, 8.25, 9 ], "texture": "#door iron lower", "cullface": "east" },
        "east":  { "uv": [ 7.75, 8.25, 8.25, 9 ], "texture": "#door iron lower", "cullface": "east" }
    }
},
{
    "from": [ 19, 6, 7.75 ],
    "to": [ 20.75, 6.25, 8.25 ],
    "faces": {
        "down":  { "uv": [ 0, 8.25, 0, 7.75 ], "texture": "#door iron lower", "cullface": "east" },
        "up":    { "uv": [ 16, 7.75, 16, 8.25 ], "texture": "#door iron lower", "cullface": "east" },
        "north": { "uv": [ 0, 9.75, 0, 10 ], "texture": "#door iron lower", "cullface": "east" },
        "south": { "uv": [ 16, 9.75, 16, 10 ], "texture": "#door iron lower", "cullface": "east" },
        "west":  { "uv": [ 7.75, 9.75, 8.25, 10 ], "texture": "#door iron lower", "cullface": "east" },
        "east":  { "uv": [ 7.75, 9.75, 8.25, 10 ], "texture": "#door iron lower", "cullface": "east" }
    }
},
{
    "from": [ 18, 6.25, 7.75 ],
    "to": [ 18.25, 7, 8.25 ],
    "rotation": { "origin": [ 18, 7, 7.75 ], "axis": "z", "angle": 22.5 },
    "faces": {
        "down":  { "uv": [ 0, 8.25, 0, 7.75 ], "texture": "#door iron lower", "cullface": "east" },
        "north": { "uv": [ 0, 9, 0, 9.75 ], "texture": "#door iron lower", "cullface": "east" },
        "south": { "uv": [ 14.75, 9.5, 14.75, 10.25 ], "texture": "#door iron lower", "cullface": "east" },
        "west":  { "uv": [ 7.75, 9.5, 8.25, 10.25 ], "texture": "#door iron lower", "cullface": "east" },
        "east":  { "uv": [ 7.75, 9.5, 8.25, 10.25 ], "texture": "#door iron lower", "cullface": "east" }
    }
},
{
    "from": [ 18.4375, 6.25, 7.75 ],
    "to": [ 19.1875, 6.5, 8.25 ],
    "rotation": { "origin": [ 18.4375, 6.5, 7.75 ], "axis": "z", "angle": -22.5 },
    "faces": {
        "down":  { "uv": [ 1, 1.5, 1.5, 1 ], "texture": "#door iron lower", "cullface": "east" },
        "up":    { "uv": [ 1, 1, 1.5, 1.5 ], "texture": "#door iron lower", "cullface": "east" },
        "north": { "uv": [ 1, 1, 1.5, 1.5 ], "texture": "#door iron lower", "cullface": "east" },
        "south": { "uv": [ 1.75, 1, 1.25, 1.5 ], "texture": "#door iron lower", "cullface": "east" },
        "west":  { "uv": [ 1, 1, 1.5, 1.5 ], "texture": "#door iron lower", "cullface": "east" },
        "east":  { "uv": [ 1.5, 1, 1, 1.5 ], "texture": "#door iron lower", "cullface": "east" }
    }
},
{
    "from": [ 16, 7.5, 7.75 ],
    "to": [ 18, 7.75, 8.25 ],
    "faces": {
        "down":  { "uv": [ 0, 8.25, 0, 7.75 ], "texture": "#door iron lower", "cullface": "east" },
        "north": { "uv": [ 0, 8.25, 0, 8.5 ], "texture": "#door iron lower", "cullface": "east" },
        "south": { "uv": [ 16, 8.25, 16, 8.5 ], "texture": "#door iron lower", "cullface": "east" },
        "west":  { "uv": [ 7.75, 8.25, 8.25, 8.5 ], "texture": "#door iron lower", "cullface": "east" }
    }
},
{
    "from": [ 20.3125, 5.125, 7.75 ],
    "to": [ 20.5625, 6.125, 8.25 ],
    "rotation": { "origin": [ 20.3125, 6.125, 7.75 ], "axis": "z", "angle": 22.5 },
    "faces": {
        "down":  { "uv": [ 0, 8.25, 0, 7.75 ], "texture": "#door iron lower", "cullface": "east" },
        "up":    { "uv": [ 16, 7.75, 16, 8.25 ], "texture": "#door iron lower", "cullface": "east" },
        "north": { "uv": [ 0, 10.75, 0, 12.75 ], "texture": "#door iron lower", "cullface": "east" },
        "south": { "uv": [ 16, 10.75, 16, 12.75 ], "texture": "#door iron lower", "cullface": "east" },
        "west":  { "uv": [ 7.75, 10.75, 8.25, 12.75 ], "texture": "#door iron lower", "cullface": "east" },
        "east":  { "uv": [ 7.75, 10.75, 8.25, 12.75 ], "texture": "#door iron lower", "cullface": "east" }
    }
},
{
    "from": [ 19.75, 6.5, 7.875 ],
    "to": [ 20, 8, 8.125 ],
    "rotation": { "origin": [ 19.75, 8, 7.875 ], "axis": "z", "angle": -22.5 },
    "faces": {
        "down":  { "uv": [ 6.25, 8.125, 6, 7.875 ], "texture": "#door iron lower", "cullface": "east" },
        "north": { "uv": [ 6, 0, 6.25, 1.5 ], "texture": "#door iron lower", "cullface": "east" },
        "south": { "uv": [ 9.75, 0, 10, 1.5 ], "texture": "#door iron lower", "cullface": "east" },
        "west":  { "uv": [ 7.875, 0, 8.125, 1.5 ], "texture": "#door iron lower", "cullface": "east" },
        "east":  { "uv": [ 7.875, 0, 8.125, 1.5 ], "texture": "#door iron lower", "cullface": "east" }
    }
},
{
    "from": [ 18.25, 9.5, 7.75 ],
    "to": [ 18.75, 9.75, 8.25 ],
    "faces": {
        "up":    { "uv": [ 16, 7.75, 16, 8.25 ], "texture": "#door iron lower", "cullface": "east" },
        "north": { "uv": [ 0, 6.25, 0, 6.5 ], "texture": "#door iron lower", "cullface": "east" },
        "south": { "uv": [ 16, 6.25, 16, 6.5 ], "texture": "#door iron lower", "cullface": "east" },
        "west":  { "uv": [ 7.75, 6.25, 8.25, 6.5 ], "texture": "#door iron lower", "cullface": "east" },
        "east":  { "uv": [ 7.75, 6.25, 8.25, 6.5 ], "texture": "#door iron lower", "cullface": "east" }
    }
},
{
    "from": [ 15, 8.25, 7 ],
    "to": [ 18.75, 9.25, 7.25 ],
    "faces": {
        "down":  { "uv": [ 1, 7.25, 0, 7 ], "texture": "#door iron lower", "cullface": "east" },
        "up":    { "uv": [ 15, 7, 16, 7.25 ], "texture": "#door iron lower", "cullface": "east" },
        "north": { "uv": [ 0, 6.75, 1, 7.75 ], "texture": "#door iron lower", "cullface": "east" },
        "west":  { "uv": [ 7, 6.75, 7.25, 7.75 ], "texture": "#door iron lower", "cullface": "east" },
        "east":  { "uv": [ 8.75, 6.75, 9, 7.75 ], "texture": "#door iron lower", "cullface": "east" }
    }
},
{
    "from": [ 17.75, 8.375, 6.5 ],
    "to": [ 18.5, 9.125, 7 ],
    "faces": {
        "down":  { "uv": [ 0, 7, 0, 6.5 ], "texture": "#door iron lower", "cullface": "east" },
        "up":    { "uv": [ 16, 6.5, 16, 7 ], "texture": "#door iron lower", "cullface": "east" },
        "north": { "uv": [ 0, 6.875, 0, 7.625 ], "texture": "#door iron lower", "cullface": "east" },
        "west":  { "uv": [ 6.5, 6.875, 7, 7.625 ], "texture": "#door iron lower", "cullface": "east" },
        "east":  { "uv": [ 9, 6.875, 9.5, 7.625 ], "texture": "#door iron lower", "cullface": "east" }
    }
},
{
    "from": [ 18.6875, 8.875, 6.625 ],
    "to": [ 18.9375, 10.625, 6.875 ],
    "rotation": { "origin": [ 18.6875, 10.625, 6.625 ], "axis": "z", "angle": -22.5 },
    "faces": {
        "down":  { "uv": [ 8.5, 8.75, 8.25, 7.25 ], "texture": "#door iron lower", "cullface": "east" },
        "up":    { "uv": [ 7.5, 7.25, 7.75, 8.75 ], "texture": "#door iron lower", "cullface": "east" },
        "north": { "uv": [ 8.25, 0, 8.5, 1.75 ], "texture": "#door iron lower", "cullface": "east" },
        "south": { "uv": [ 7.5, 0, 7.75, 1.75 ], "texture": "#door iron lower", "cullface": "east" },
        "west":  { "uv": [ 7.25, 0, 8.75, 1.75 ], "texture": "#door iron lower", "cullface": "east" },
        "east":  { "uv": [ 7.25, 0, 8.75, 1.75 ], "texture": "#door iron lower", "cullface": "east" }
    }
},
{
    "from": [ 16, 8.75, 6.5 ],
    "to": [ 16.75, 9.25, 7 ],
    "rotation": { "origin": [ 16, 9.25, 6.5 ], "axis": "z", "angle": -45 },
    "faces": {
        "down":  { "uv": [ 0.5, 7, 0, 6.5 ], "texture": "#door iron lower", "cullface": "east" },
        "up":    { "uv": [ 15.5, 6.5, 16, 7 ], "texture": "#door iron lower", "cullface": "east" },
        "north": { "uv": [ 0, 6.75, 0.5, 7.25 ], "texture": "#door iron lower", "cullface": "east" },
        "west":  { "uv": [ 6.5, 6.75, 7, 7.25 ], "texture": "#door iron lower", "cullface": "east" },
        "east":  { "uv": [ 9, 6.75, 9.5, 7.25 ], "texture": "#door iron lower", "cullface": "east" }
    }
}
],
"display": {
    "thirdperson_righthand": {
        "rotation": [ 0, -55, 0 ],
        "translation": [ -3.5, 0.55, -4 ],
        "scale": [ 0.55, 0.55, 0.55 ]
    },
    "thirdperson_lefthand": {
        "rotation": [ 0, -55, 0 ],
        "translation": [ -3.5, 0.55, -4 ],
        "scale": [ -0.55, 0.55, 0.55 ]
    },
    "ground": {
        "translation": [ 0, 12, 0 ],
        "scale": [ 0.4, 0.4, 0.4 ]
    },
    "fixed": {
        "rotation": [ 0, 180, -45 ],
        "translation": [ 1.4, 0.7, -1.2 ],
        "scale": [ 1.5, 1.5, 1.5 ]
    },
    "firstperson_righthand": {
        "rotation": [ 0, -90, 0 ],
        "translation": [ -3, 4, 0 ],
        "scale": [ 0.55, 0.55, 0.55 ]
    },
    "firstperson_lefthand": {
        "rotation": [ 0, -90, 0 ],
        "translation": [ -3, 4, 0 ],
        "scale": [ -0.55, 0.55, 0.55 ]
    },
    "gui": {
        "rotation": [ 30, 45, 0 ],
        "scale": [ 0.4, 0.4, 0.4 ]
    }
}
}