{
  "shoot.colt": {
    "category": "master",
    "sounds": [
      "shoot/colt"
    ]
  },
  "shoot.luger": {
    "category": "master",
    "sounds": [
      "shoot/luger"
    ]
  },
  "shoot.mauser": {
    "category": "master",
    "sounds": [
      "shoot/mauser"
    ]
  },
  "shoot.enfield": {
    "category": "master",
    "sounds": [
      "shoot/enfield"
    ]
  },
  "shoot.winchester": {
    "category": "master",
    "sounds": [
      "shoot/winchester"
    ]
  },
  "shoot.browning": {
    "category": "master",
    "sounds": [
      "shoot/browning"
    ]
  }
}
 