{
	"__comment": "Designed by Zachrywilsn with Cubik Studio - http://bdcraft.net",
	"textures": {
		"particle": "nubx/joint",
		"texture": "nubx/joint",
		"texture2": "nubx/smoke"
	},
	"elements": [
		{
			"__comment": "Voxels-FFC78D",
			"from": [ 0, 6.5, 7 ],
			"to": [ 16.5, 7, 8 ],
			"faces": {
				"down": { "uv": [ 12.96, 0.96, 15.04, 3.04 ], "texture": "#texture", "cullface": "east" },
				"up": { "uv": [ 12.96, 0.96, 15.04, 3.04 ], "texture": "#texture", "cullface": "east" },
				"north": { "uv": [ 12.96, 0.96, 15.04, 3.04 ], "texture": "#texture", "cullface": "east" },
				"south": { "uv": [ 12.96, 0.96, 15.04, 3.04 ], "texture": "#texture", "cullface": "east" },
				"west": { "uv": [ 12.96, 0.96, 15.04, 3.04 ], "texture": "#texture", "cullface": "east" },
				"east": { "uv": [ 12.96, 0.96, 15.04, 3.04 ], "texture": "#texture", "cullface": "east" }
			}
		},
		{
			"__comment": "Voxels-FFC78D",
			"from": [ 0, 7, 6.5 ],
			"to": [ 5.5, 8, 7 ],
			"faces": {
				"down": { "uv": [ 8.96, 0.96, 11.04, 3.04 ], "texture": "#texture" },
				"up": { "uv": [ 8.96, 0.96, 11.04, 3.04 ], "texture": "#texture" },
				"north": { "uv": [ 8.96, 0.96, 11.04, 3.04 ], "texture": "#texture" },
				"south": { "uv": [ 8.96, 0.96, 11.04, 3.04 ], "texture": "#texture" },
				"west": { "uv": [ 8.96, 0.96, 11.04, 3.04 ], "texture": "#texture", "cullface": "west" }
			}
		},
		{
			"__comment": "Voxels-FFC78D",
			"from": [ 0, 7, 7 ],
			"to": [ 5.5, 7.5, 8.5 ],
			"faces": {
				"down": { "uv": [ 8.96, 0.96, 11.04, 3.04 ], "texture": "#texture" },
				"up": { "uv": [ 8.96, 0.96, 11.04, 3.04 ], "texture": "#texture" },
				"south": { "uv": [ 8.96, 0.96, 11.04, 3.04 ], "texture": "#texture" },
				"west": { "uv": [ 8.96, 0.96, 11.04, 3.04 ], "texture": "#texture", "cullface": "west" },
				"east": { "uv": [ 8.96, 0.96, 11.04, 3.04 ], "texture": "#texture" }
			}
		},
		{
			"__comment": "Voxels-FFC78D",
			"from": [ 0, 7.5, 6 ],
			"to": [ 5, 9, 6.5 ],
			"faces": {
				"down": { "uv": [ 8.96, 0.96, 11.04, 3.04 ], "texture": "#texture" },
				"up": { "uv": [ 8.96, 0.96, 11.04, 3.04 ], "texture": "#texture" },
				"north": { "uv": [ 8.96, 0.96, 11.04, 3.04 ], "texture": "#texture" },
				"south": { "uv": [ 8.96, 0.96, 11.04, 3.04 ], "texture": "#texture" },
				"west": { "uv": [ 8.96, 0.96, 11.04, 3.04 ], "texture": "#texture", "cullface": "west" }
			}
		},
		{
			"__comment": "Voxels-FFC78D",
			"from": [ 0, 7.5, 8 ],
			"to": [ 2, 8, 9 ],
			"faces": {
				"down": { "uv": [ 8.96, 0.96, 11.04, 3.04 ], "texture": "#texture" },
				"up": { "uv": [ 8.96, 0.96, 11.04, 3.04 ], "texture": "#texture" },
				"north": { "uv": [ 8.96, 0.96, 11.04, 3.04 ], "texture": "#texture" },
				"south": { "uv": [ 8.96, 0.96, 11.04, 3.04 ], "texture": "#texture" },
				"west": { "uv": [ 8.96, 0.96, 11.04, 3.04 ], "texture": "#texture", "cullface": "west" }
			}
		},
		{
			"__comment": "Voxels-FFC78D",
			"from": [ 0, 8, 8.5 ],
			"to": [ 1.5, 8.5, 9 ],
			"faces": {
				"up": { "uv": [ 8.96, 0.96, 11.04, 3.04 ], "texture": "#texture" },
				"north": { "uv": [ 8.96, 0.96, 11.04, 3.04 ], "texture": "#texture" },
				"south": { "uv": [ 8.96, 0.96, 11.04, 3.04 ], "texture": "#texture" },
				"west": { "uv": [ 8.96, 0.96, 11.04, 3.04 ], "texture": "#texture", "cullface": "west" }
			}
		},
		{
			"__comment": "Voxels-FFC78D",
			"from": [ 0, 8.5, 6.5 ],
			"to": [ 1.5, 9.5, 7 ],
			"faces": {
				"down": { "uv": [ 8.96, 0.96, 11.04, 3.04 ], "texture": "#texture" },
				"up": { "uv": [ 8.96, 0.96, 11.04, 3.04 ], "texture": "#texture" },
				"north": { "uv": [ 8.96, 0.96, 11.04, 3.04 ], "texture": "#texture" },
				"south": { "uv": [ 8.96, 0.96, 11.04, 3.04 ], "texture": "#texture" },
				"west": { "uv": [ 8.96, 0.96, 11.04, 3.04 ], "texture": "#texture", "cullface": "west" },
				"east": { "uv": [ 8.96, 0.96, 11.04, 3.04 ], "texture": "#texture" }
			}
		},
		{
			"__comment": "Voxels-FFC78D",
			"from": [ 0, 8.5, 8 ],
			"to": [ 1, 9.5, 8.5 ],
			"faces": {
				"down": { "uv": [ 8.96, 0.96, 11.04, 3.04 ], "texture": "#texture" },
				"up": { "uv": [ 8.96, 0.96, 11.04, 3.04 ], "texture": "#texture" },
				"north": { "uv": [ 8.96, 0.96, 11.04, 3.04 ], "texture": "#texture" },
				"south": { "uv": [ 8.96, 0.96, 11.04, 3.04 ], "texture": "#texture" },
				"west": { "uv": [ 8.96, 0.96, 11.04, 3.04 ], "texture": "#texture", "cullface": "west" },
				"east": { "uv": [ 8.96, 0.96, 11.04, 3.04 ], "texture": "#texture" }
			}
		},
		{
			"__comment": "Voxels-FFC78D",
			"from": [ 0, 8.5, 8.5 ],
			"to": [ 1, 9, 9 ],
			"faces": {
				"up": { "uv": [ 8.96, 0.96, 11.04, 3.04 ], "texture": "#texture" },
				"south": { "uv": [ 8.96, 0.96, 11.04, 3.04 ], "texture": "#texture" },
				"west": { "uv": [ 8.96, 0.96, 11.04, 3.04 ], "texture": "#texture", "cullface": "west" }
			}
		},
		{
			"__comment": "Voxels-FFC78D",
			"from": [ 0, 9, 7 ],
			"to": [ 20.5, 9.5, 7.5 ],
			"faces": {
				"down": { "uv": [ 8.96, 0.96, 11.04, 3.04 ], "texture": "#texture", "cullface": "east" },
				"up": { "uv": [ 8.96, 0.96, 11.04, 3.04 ], "texture": "#texture", "cullface": "east" },
				"north": { "uv": [ 8.96, 0.96, 11.04, 3.04 ], "texture": "#texture", "cullface": "east" },
				"south": { "uv": [ 8.96, 0.96, 11.04, 3.04 ], "texture": "#texture", "cullface": "east" },
				"west": { "uv": [ 8.96, 0.96, 11.04, 3.04 ], "texture": "#texture", "cullface": "east" }
			}
		},
		{
			"__comment": "Voxels-FFC78D",
			"from": [ 0, 9, 7.5 ],
			"to": [ 1, 10, 8 ],
			"faces": {
				"down": { "uv": [ 8.96, 0.96, 11.04, 3.04 ], "texture": "#texture" },
				"up": { "uv": [ 8.96, 0.96, 11.04, 3.04 ], "texture": "#texture" },
				"north": { "uv": [ 8.96, 0.96, 11.04, 3.04 ], "texture": "#texture" },
				"south": { "uv": [ 8.96, 0.96, 11.04, 3.04 ], "texture": "#texture" },
				"west": { "uv": [ 8.96, 0.96, 11.04, 3.04 ], "texture": "#texture", "cullface": "west" },
				"east": { "uv": [ 8.96, 0.96, 11.04, 3.04 ], "texture": "#texture" }
			}
		},
		{
			"__comment": "Voxels-FFC78D",
			"from": [ 0, 9.5, 7 ],
			"to": [ 1.5, 10, 7.5 ],
			"faces": {
				"up": { "uv": [ 8.96, 0.96, 11.04, 3.04 ], "texture": "#texture" },
				"north": { "uv": [ 8.96, 0.96, 11.04, 3.04 ], "texture": "#texture" },
				"south": { "uv": [ 8.96, 0.96, 11.04, 3.04 ], "texture": "#texture" },
				"west": { "uv": [ 8.96, 0.96, 11.04, 3.04 ], "texture": "#texture", "cullface": "west" }
			}
		},
		{
			"__comment": "Voxels-3D7900",
			"from": [ 1, 7.5, 7 ],
			"to": [ 2.5, 8.5, 7.5 ],
			"faces": {
				"up": { "uv": [ 0.96, 8.96, 3.04, 11.04 ], "texture": "#texture" },
				"north": { "uv": [ 0.96, 8.96, 3.04, 11.04 ], "texture": "#texture" },
				"south": { "uv": [ 0.96, 8.96, 3.04, 11.04 ], "texture": "#texture" },
				"west": { "uv": [ 0.96, 8.96, 3.04, 11.04 ], "texture": "#texture" },
				"east": { "uv": [ 0.96, 8.96, 3.04, 11.04 ], "texture": "#texture" }
			}
		},
		{
			"__comment": "Voxels-3D7900",
			"from": [ 1, 8, 6.5 ],
			"to": [ 2.5, 8.5, 7 ],
			"faces": {
				"up": { "uv": [ 0.96, 8.96, 3.04, 11.04 ], "texture": "#texture" },
				"west": { "uv": [ 0.96, 8.96, 3.04, 11.04 ], "texture": "#texture" }
			}
		},
		{
			"__comment": "Voxels-3D7900",
			"from": [ 1, 8, 7.5 ],
			"to": [ 1.5, 8.5, 8 ],
			"faces": {
				"down": { "uv": [ 0.96, 8.96, 3.04, 11.04 ], "texture": "#texture" },
				"up": { "uv": [ 0.96, 8.96, 3.04, 11.04 ], "texture": "#texture" },
				"south": { "uv": [ 0.96, 8.96, 3.04, 11.04 ], "texture": "#texture" },
				"west": { "uv": [ 0.96, 8.96, 3.04, 11.04 ], "texture": "#texture" }
			}
		},
		{
			"__comment": "Voxels-3D7900",
			"from": [ 1, 8.5, 7 ],
			"to": [ 1.5, 9, 7.5 ],
			"faces": {
				"south": { "uv": [ 0.96, 8.96, 3.04, 11.04 ], "texture": "#texture" },
				"west": { "uv": [ 0.96, 8.96, 3.04, 11.04 ], "texture": "#texture" }
			}
		},
		{
			"__comment": "Voxels-FFC78D",
			"from": [ 1, 8.5, 8 ],
			"to": [ 20.5, 9, 8.5 ],
			"faces": {
				"down": { "uv": [ 12.96, 0.96, 15.04, 3.04 ], "texture": "#texture", "cullface": "east" },
				"up": { "uv": [ 12.96, 0.96, 15.04, 3.04 ], "texture": "#texture", "cullface": "east" },
				"north": { "uv": [ 12.96, 0.96, 15.04, 3.04 ], "texture": "#texture", "cullface": "east" },
				"south": { "uv": [ 12.96, 0.96, 15.04, 3.04 ], "texture": "#texture", "cullface": "east" }
			}
		},
		{
			"__comment": "Voxels-FFC78D",
			"from": [ 1, 8.5, 8.5 ],
			"to": [ 7, 9, 9 ],
			"faces": {
				"down": { "uv": [ 12.96, 0.96, 15.04, 3.04 ], "texture": "#texture" },
				"up": { "uv": [ 12.96, 0.96, 15.04, 3.04 ], "texture": "#texture" },
				"south": { "uv": [ 12.96, 0.96, 15.04, 3.04 ], "texture": "#texture" }
			}
		},
		{
			"__comment": "Voxels-FFC78D",
			"from": [ 1, 9, 7.5 ],
			"to": [ 8, 9.5, 8 ],
			"faces": {
				"down": { "uv": [ 12.96, 0.96, 15.04, 3.04 ], "texture": "#texture" },
				"up": { "uv": [ 12.96, 0.96, 15.04, 3.04 ], "texture": "#texture" },
				"south": { "uv": [ 12.96, 0.96, 15.04, 3.04 ], "texture": "#texture" }
			}
		},
		{
			"__comment": "Voxels-FFC78D",
			"from": [ 1, 9, 8 ],
			"to": [ 7, 9.5, 8.5 ],
			"faces": {
				"up": { "uv": [ 12.96, 0.96, 15.04, 3.04 ], "texture": "#texture" },
				"south": { "uv": [ 12.96, 0.96, 15.04, 3.04 ], "texture": "#texture" }
			}
		},
		{
			"__comment": "Voxels-FFC78D",
			"from": [ 1, 9.5, 7.5 ],
			"to": [ 7, 10, 8 ],
			"faces": {
				"up": { "uv": [ 12.96, 0.96, 15.04, 3.04 ], "texture": "#texture" },
				"north": { "uv": [ 12.96, 0.96, 15.04, 3.04 ], "texture": "#texture" },
				"south": { "uv": [ 12.96, 0.96, 15.04, 3.04 ], "texture": "#texture" }
			}
		},
		{
			"__comment": "Voxels-3D7900",
			"from": [ 1.5, 7.5, 7.5 ],
			"to": [ 2, 8, 8 ],
			"faces": {
				"west": { "uv": [ 0.96, 8.96, 3.04, 11.04 ], "texture": "#texture" }
			}
		},
		{
			"__comment": "Voxels-FFC78D",
			"from": [ 1.5, 8, 7.5 ],
			"to": [ 20, 8.5, 8 ],
			"faces": {
				"down": { "uv": [ 12.96, 0.96, 15.04, 3.04 ], "texture": "#texture", "cullface": "east" },
				"up": { "uv": [ 12.96, 0.96, 15.04, 3.04 ], "texture": "#texture", "cullface": "east" },
				"north": { "uv": [ 12.96, 0.96, 15.04, 3.04 ], "texture": "#texture", "cullface": "east" },
				"south": { "uv": [ 12.96, 0.96, 15.04, 3.04 ], "texture": "#texture", "cullface": "east" }
			}
		},
		{
			"__comment": "Voxels-FFC78D",
			"from": [ 1.5, 8, 8 ],
			"to": [ 6.5, 8.5, 9 ],
			"faces": {
				"down": { "uv": [ 12.96, 0.96, 15.04, 3.04 ], "texture": "#texture" },
				"up": { "uv": [ 12.96, 0.96, 15.04, 3.04 ], "texture": "#texture" },
				"south": { "uv": [ 12.96, 0.96, 15.04, 3.04 ], "texture": "#texture" },
				"west": { "uv": [ 12.96, 0.96, 15.04, 3.04 ], "texture": "#texture" },
				"east": { "uv": [ 12.96, 0.96, 15.04, 3.04 ], "texture": "#texture" }
			}
		},
		{
			"__comment": "Voxels-FFC78D",
			"from": [ 1.5, 8.5, 7 ],
			"to": [ 8.5, 9, 7.5 ],
			"faces": {
				"down": { "uv": [ 12.96, 0.96, 15.04, 3.04 ], "texture": "#texture" },
				"north": { "uv": [ 12.96, 0.96, 15.04, 3.04 ], "texture": "#texture" },
				"south": { "uv": [ 12.96, 0.96, 15.04, 3.04 ], "texture": "#texture" }
			}
		},
		{
			"__comment": "Voxels-FFC78D",
			"from": [ 1.5, 8.5, 7.5 ],
			"to": [ 8, 9, 8 ],
			"faces": {
				"west": { "uv": [ 12.96, 0.96, 15.04, 3.04 ], "texture": "#texture" }
			}
		},
		{
			"__comment": "Voxels-FFC78D",
			"from": [ 1.5, 9, 6.5 ],
			"to": [ 2, 9.5, 7 ],
			"faces": {
				"up": { "uv": [ 8.96, 0.96, 11.04, 3.04 ], "texture": "#texture" },
				"north": { "uv": [ 8.96, 0.96, 11.04, 3.04 ], "texture": "#texture" }
			}
		},
		{
			"__comment": "Voxels-FFC78D",
			"from": [ 1.5, 9.5, 7 ],
			"to": [ 8.5, 10, 7.5 ],
			"faces": {
				"up": { "uv": [ 12.96, 0.96, 15.04, 3.04 ], "texture": "#texture" },
				"north": { "uv": [ 12.96, 0.96, 15.04, 3.04 ], "texture": "#texture" },
				"south": { "uv": [ 12.96, 0.96, 15.04, 3.04 ], "texture": "#texture" }
			}
		},
		{
			"__comment": "Voxels-FFC78D",
			"from": [ 2, 7.5, 7.5 ],
			"to": [ 8, 8, 8 ],
			"faces": {
				"down": { "uv": [ 12.96, 0.96, 15.04, 3.04 ], "texture": "#texture" },
				"north": { "uv": [ 12.96, 0.96, 15.04, 3.04 ], "texture": "#texture" },
				"south": { "uv": [ 12.96, 0.96, 15.04, 3.04 ], "texture": "#texture" }
			}
		},
		{
			"__comment": "Voxels-FFC78D",
			"from": [ 2, 7.5, 8 ],
			"to": [ 6, 8, 9 ],
			"faces": {
				"down": { "uv": [ 12.96, 0.96, 15.04, 3.04 ], "texture": "#texture" },
				"south": { "uv": [ 12.96, 0.96, 15.04, 3.04 ], "texture": "#texture" }
			}
		},
		{
			"__comment": "Voxels-FFC78D",
			"from": [ 2, 8.5, 6.5 ],
			"to": [ 20, 9, 7 ],
			"faces": {
				"down": { "uv": [ 12.96, 0.96, 15.04, 3.04 ], "texture": "#texture", "cullface": "east" },
				"up": { "uv": [ 12.96, 0.96, 15.04, 3.04 ], "texture": "#texture", "cullface": "east" },
				"north": { "uv": [ 12.96, 0.96, 15.04, 3.04 ], "texture": "#texture", "cullface": "east" },
				"south": { "uv": [ 12.96, 0.96, 15.04, 3.04 ], "texture": "#texture", "cullface": "east" }
			}
		},
		{
			"__comment": "Voxels-FFC78D",
			"from": [ 2, 9, 6.5 ],
			"to": [ 9, 9.5, 7 ],
			"faces": {
				"up": { "uv": [ 12.96, 0.96, 15.04, 3.04 ], "texture": "#texture" },
				"north": { "uv": [ 12.96, 0.96, 15.04, 3.04 ], "texture": "#texture" }
			}
		},
		{
			"__comment": "Voxels-FFC78D",
			"from": [ 2.5, 8, 7 ],
			"to": [ 8.5, 8.5, 7.5 ],
			"faces": {
				"down": { "uv": [ 12.96, 0.96, 15.04, 3.04 ], "texture": "#texture" },
				"north": { "uv": [ 12.96, 0.96, 15.04, 3.04 ], "texture": "#texture" }
			}
		},
		{
			"__comment": "Voxels-FFC78D",
			"from": [ 5, 7.5, 6 ],
			"to": [ 9, 9, 6.5 ],
			"faces": {
				"down": { "uv": [ 12.96, 0.96, 15.04, 3.04 ], "texture": "#texture" },
				"up": { "uv": [ 12.96, 0.96, 15.04, 3.04 ], "texture": "#texture" },
				"north": { "uv": [ 12.96, 0.96, 15.04, 3.04 ], "texture": "#texture" },
				"south": { "uv": [ 12.96, 0.96, 15.04, 3.04 ], "texture": "#texture" }
			}
		},
		{
			"__comment": "Voxels-FFC78D",
			"from": [ 5, 8, 6.5 ],
			"to": [ 7.5, 8.5, 7 ],
			"faces": {
				"down": { "uv": [ 12.96, 0.96, 15.04, 3.04 ], "texture": "#texture" },
				"east": { "uv": [ 12.96, 0.96, 15.04, 3.04 ], "texture": "#texture" }
			}
		},
		{
			"__comment": "Voxels-FFC78D",
			"from": [ 5.5, 7, 6.5 ],
			"to": [ 8.5, 8, 7.5 ],
			"faces": {
				"down": { "uv": [ 12.96, 0.96, 15.04, 3.04 ], "texture": "#texture" },
				"up": { "uv": [ 12.96, 0.96, 15.04, 3.04 ], "texture": "#texture" },
				"north": { "uv": [ 12.96, 0.96, 15.04, 3.04 ], "texture": "#texture" },
				"south": { "uv": [ 12.96, 0.96, 15.04, 3.04 ], "texture": "#texture" },
				"west": { "uv": [ 12.96, 0.96, 15.04, 3.04 ], "texture": "#texture" },
				"east": { "uv": [ 12.96, 0.96, 15.04, 3.04 ], "texture": "#texture" }
			}
		},
		{
			"__comment": "Voxels-FFC78D",
			"from": [ 5.5, 7, 7.5 ],
			"to": [ 20.5, 7.5, 8 ],
			"faces": {
				"down": { "uv": [ 8.96, 0.96, 11.04, 3.04 ], "texture": "#texture", "cullface": "east" },
				"up": { "uv": [ 8.96, 0.96, 11.04, 3.04 ], "texture": "#texture", "cullface": "east" },
				"north": { "uv": [ 8.96, 0.96, 11.04, 3.04 ], "texture": "#texture", "cullface": "east" },
				"south": { "uv": [ 8.96, 0.96, 11.04, 3.04 ], "texture": "#texture", "cullface": "east" }
			}
		},
		{
			"__comment": "Voxels-FFC78D",
			"from": [ 5.5, 7, 8 ],
			"to": [ 16, 7.5, 8.5 ],
			"faces": {
				"down": { "uv": [ 8.96, 0.96, 11.04, 3.04 ], "texture": "#texture" },
				"up": { "uv": [ 8.96, 0.96, 11.04, 3.04 ], "texture": "#texture" },
				"south": { "uv": [ 8.96, 0.96, 11.04, 3.04 ], "texture": "#texture" }
			}
		},
		{
			"__comment": "Voxels-FFC78D",
			"from": [ 6, 7.5, 8 ],
			"to": [ 6.5, 8, 9 ],
			"faces": {
				"down": { "uv": [ 8.96, 0.96, 11.04, 3.04 ], "texture": "#texture" },
				"south": { "uv": [ 8.96, 0.96, 11.04, 3.04 ], "texture": "#texture" },
				"east": { "uv": [ 8.96, 0.96, 11.04, 3.04 ], "texture": "#texture" }
			}
		},
		{
			"__comment": "Voxels-3D7900",
			"from": [ 6.5, 7.5, 8 ],
			"to": [ 9.5, 8.5, 8.5 ],
			"faces": {
				"north": { "uv": [ 0.96, 8.96, 3.04, 11.04 ], "texture": "#texture" },
				"west": { "uv": [ 0.96, 8.96, 3.04, 11.04 ], "texture": "#texture" },
				"east": { "uv": [ 0.96, 8.96, 3.04, 11.04 ], "texture": "#texture" }
			}
		},
		{
			"__comment": "Voxels-FFC78D",
			"from": [ 6.5, 7.5, 8.5 ],
			"to": [ 16, 8.5, 9 ],
			"faces": {
				"down": { "uv": [ 8.96, 0.96, 11.04, 3.04 ], "texture": "#texture" },
				"up": { "uv": [ 8.96, 0.96, 11.04, 3.04 ], "texture": "#texture" },
				"north": { "uv": [ 8.96, 0.96, 11.04, 3.04 ], "texture": "#texture" },
				"south": { "uv": [ 8.96, 0.96, 11.04, 3.04 ], "texture": "#texture" },
				"west": { "uv": [ 8.96, 0.96, 11.04, 3.04 ], "texture": "#texture" }
			}
		},
		{
			"__comment": "Voxels-FFC78D",
			"from": [ 7, 8.5, 8.5 ],
			"to": [ 16, 9, 9 ],
			"faces": {
				"up": { "uv": [ 8.96, 0.96, 11.04, 3.04 ], "texture": "#texture" },
				"south": { "uv": [ 8.96, 0.96, 11.04, 3.04 ], "texture": "#texture" }
			}
		},
		{
			"__comment": "Voxels-FFC78D",
			"from": [ 7, 9, 8 ],
			"to": [ 16.5, 9.5, 8.5 ],
			"faces": {
				"up": { "uv": [ 8.96, 0.96, 11.04, 3.04 ], "texture": "#texture", "cullface": "east" },
				"north": { "uv": [ 8.96, 0.96, 11.04, 3.04 ], "texture": "#texture", "cullface": "east" },
				"south": { "uv": [ 8.96, 0.96, 11.04, 3.04 ], "texture": "#texture", "cullface": "east" }
			}
		},
		{
			"__comment": "Voxels-FFC78D",
			"from": [ 7, 9.5, 7.5 ],
			"to": [ 16, 10, 8 ],
			"faces": {
				"down": { "uv": [ 8.96, 0.96, 11.04, 3.04 ], "texture": "#texture" },
				"up": { "uv": [ 8.96, 0.96, 11.04, 3.04 ], "texture": "#texture" },
				"north": { "uv": [ 8.96, 0.96, 11.04, 3.04 ], "texture": "#texture" },
				"south": { "uv": [ 8.96, 0.96, 11.04, 3.04 ], "texture": "#texture" }
			}
		},
		{
			"__comment": "Voxels-3D7900",
			"from": [ 8, 7.5, 7.5 ],
			"to": [ 19, 8, 8 ],
			"faces": {
				"north": { "uv": [ 0.96, 8.96, 3.04, 11.04 ], "texture": "#texture", "cullface": "east" },
				"south": { "uv": [ 0.96, 8.96, 3.04, 11.04 ], "texture": "#texture", "cullface": "east" }
			}
		},
		{
			"__comment": "Voxels-3D7900",
			"from": [ 8, 8.5, 7.5 ],
			"to": [ 18.5, 9, 8 ],
			"faces": {
				"up": { "uv": [ 0.96, 8.96, 3.04, 11.04 ], "texture": "#texture", "cullface": "east" },
				"north": { "uv": [ 0.96, 8.96, 3.04, 11.04 ], "texture": "#texture", "cullface": "east" }
			}
		},
		{
			"__comment": "Voxels-FFC78D",
			"from": [ 8, 9, 7.5 ],
			"to": [ 16.5, 9.5, 8 ],
			"faces": {
				"up": { "uv": [ 8.96, 0.96, 11.04, 3.04 ], "texture": "#texture", "cullface": "east" }
			}
		},
		{
			"__comment": "Voxels-FFC78D",
			"from": [ 8.5, 7, 6.5 ],
			"to": [ 16, 7.5, 7.5 ],
			"faces": {
				"down": { "uv": [ 8.96, 0.96, 11.04, 3.04 ], "texture": "#texture" },
				"up": { "uv": [ 8.96, 0.96, 11.04, 3.04 ], "texture": "#texture" },
				"north": { "uv": [ 8.96, 0.96, 11.04, 3.04 ], "texture": "#texture" },
				"east": { "uv": [ 8.96, 0.96, 11.04, 3.04 ], "texture": "#texture", "cullface": "east" }
			}
		},
		{
			"__comment": "Voxels-FFC78D",
			"from": [ 8.5, 7.5, 6.5 ],
			"to": [ 9, 8, 7 ],
			"faces": {
				"up": { "uv": [ 12.96, 0.96, 15.04, 3.04 ], "texture": "#texture" }
			}
		},
		{
			"__comment": "Voxels-3D7900",
			"from": [ 8.5, 7.5, 7 ],
			"to": [ 19.5, 8, 7.5 ],
			"faces": {
				"down": { "uv": [ 0.96, 8.96, 3.04, 11.04 ], "texture": "#texture", "cullface": "east" },
				"up": { "uv": [ 0.96, 8.96, 3.04, 11.04 ], "texture": "#texture", "cullface": "east" },
				"north": { "uv": [ 0.96, 8.96, 3.04, 11.04 ], "texture": "#texture", "cullface": "east" },
				"south": { "uv": [ 0.96, 8.96, 3.04, 11.04 ], "texture": "#texture", "cullface": "east" }
			}
		},
		{
			"__comment": "Voxels-3D7900",
			"from": [ 8.5, 8, 7 ],
			"to": [ 18.5, 8.5, 7.5 ],
			"faces": {
				"up": { "uv": [ 0.96, 8.96, 3.04, 11.04 ], "texture": "#texture", "cullface": "east" },
				"north": { "uv": [ 0.96, 8.96, 3.04, 11.04 ], "texture": "#texture", "cullface": "east" }
			}
		},
		{
			"__comment": "Voxels-FFC78D",
			"from": [ 8.5, 9.5, 7 ],
			"to": [ 16, 10, 7.5 ],
			"faces": {
				"up": { "uv": [ 8.96, 0.96, 11.04, 3.04 ], "texture": "#texture" },
				"north": { "uv": [ 8.96, 0.96, 11.04, 3.04 ], "texture": "#texture" }
			}
		},
		{
			"__comment": "Voxels-FFC78D",
			"from": [ 9, 7.5, 6 ],
			"to": [ 16, 9, 6.5 ],
			"faces": {
				"down": { "uv": [ 8.96, 0.96, 11.04, 3.04 ], "texture": "#texture" },
				"up": { "uv": [ 8.96, 0.96, 11.04, 3.04 ], "texture": "#texture" },
				"north": { "uv": [ 8.96, 0.96, 11.04, 3.04 ], "texture": "#texture" },
				"south": { "uv": [ 8.96, 0.96, 11.04, 3.04 ], "texture": "#texture" }
			}
		},
		{
			"__comment": "Voxels-3D7900",
			"from": [ 9, 8, 6.5 ],
			"to": [ 18.5, 8.5, 7 ],
			"faces": {
				"down": { "uv": [ 0.96, 8.96, 3.04, 11.04 ], "texture": "#texture", "cullface": "east" },
				"north": { "uv": [ 0.96, 8.96, 3.04, 11.04 ], "texture": "#texture", "cullface": "east" },
				"west": { "uv": [ 0.96, 8.96, 3.04, 11.04 ], "texture": "#texture", "cullface": "east" }
			}
		},
		{
			"__comment": "Voxels-FFC78D",
			"from": [ 9, 9, 6.5 ],
			"to": [ 16.5, 9.5, 7 ],
			"faces": {
				"up": { "uv": [ 8.96, 0.96, 11.04, 3.04 ], "texture": "#texture", "cullface": "east" },
				"north": { "uv": [ 8.96, 0.96, 11.04, 3.04 ], "texture": "#texture", "cullface": "east" }
			}
		},
		{
			"__comment": "Voxels-3D7900",
			"from": [ 9.5, 8, 8 ],
			"to": [ 19, 8.5, 8.5 ],
			"faces": {
				"down": { "uv": [ 0.96, 8.96, 3.04, 11.04 ], "texture": "#texture", "cullface": "east" },
				"south": { "uv": [ 0.96, 8.96, 3.04, 11.04 ], "texture": "#texture", "cullface": "east" }
			}
		},
		{
			"__comment": "Voxels-3D7900",
			"from": [ 14.5, 7.5, 8 ],
			"to": [ 17.5, 8, 8.5 ],
			"faces": {
				"down": { "uv": [ 0.96, 8.96, 3.04, 11.04 ], "texture": "#texture", "cullface": "east" },
				"south": { "uv": [ 0.96, 8.96, 3.04, 11.04 ], "texture": "#texture", "cullface": "east" }
			}
		},
		{
			"__comment": "Voxels-3D7900",
			"from": [ 15, 7.5, 6.5 ],
			"to": [ 18, 8, 7 ],
			"faces": {
				"down": { "uv": [ 0.96, 8.96, 3.04, 11.04 ], "texture": "#texture", "cullface": "east" },
				"north": { "uv": [ 0.96, 8.96, 3.04, 11.04 ], "texture": "#texture", "cullface": "east" }
			}
		},
		{
			"__comment": "Voxels-FFC78D",
			"from": [ 16, 7, 6.5 ],
			"to": [ 16.5, 7.5, 7 ],
			"faces": {
				"down": { "uv": [ 12.96, 0.96, 15.04, 3.04 ], "texture": "#texture", "cullface": "east" },
				"north": { "uv": [ 12.96, 0.96, 15.04, 3.04 ], "texture": "#texture", "cullface": "east" }
			}
		},
		{
			"__comment": "Voxels-FFC78D",
			"from": [ 16, 7, 8 ],
			"to": [ 16.5, 7.5, 8.5 ],
			"faces": {
				"down": { "uv": [ 12.96, 0.96, 15.04, 3.04 ], "texture": "#texture", "cullface": "east" },
				"south": { "uv": [ 12.96, 0.96, 15.04, 3.04 ], "texture": "#texture", "cullface": "east" }
			}
		},
		{
			"__comment": "Voxels-FFC78D",
			"from": [ 16, 7.5, 6 ],
			"to": [ 16.5, 9, 6.5 ],
			"faces": {
				"down": { "uv": [ 12.96, 0.96, 15.04, 3.04 ], "texture": "#texture", "cullface": "east" },
				"up": { "uv": [ 12.96, 0.96, 15.04, 3.04 ], "texture": "#texture", "cullface": "east" },
				"north": { "uv": [ 12.96, 0.96, 15.04, 3.04 ], "texture": "#texture", "cullface": "east" },
				"south": { "uv": [ 12.96, 0.96, 15.04, 3.04 ], "texture": "#texture", "cullface": "east" }
			}
		},
		{
			"__comment": "Voxels-FFC78D",
			"from": [ 16, 7.5, 8.5 ],
			"to": [ 16.5, 9, 9 ],
			"faces": {
				"down": { "uv": [ 12.96, 0.96, 15.04, 3.04 ], "texture": "#texture", "cullface": "east" },
				"up": { "uv": [ 12.96, 0.96, 15.04, 3.04 ], "texture": "#texture", "cullface": "east" },
				"north": { "uv": [ 12.96, 0.96, 15.04, 3.04 ], "texture": "#texture", "cullface": "east" },
				"south": { "uv": [ 12.96, 0.96, 15.04, 3.04 ], "texture": "#texture", "cullface": "east" },
				"west": { "uv": [ 12.96, 0.96, 15.04, 3.04 ], "texture": "#texture", "cullface": "east" }
			}
		},
		{
			"__comment": "Voxels-FFC78D",
			"from": [ 16, 9.5, 7 ],
			"to": [ 16.5, 10, 8 ],
			"faces": {
				"down": { "uv": [ 12.96, 0.96, 15.04, 3.04 ], "texture": "#texture", "cullface": "east" },
				"up": { "uv": [ 12.96, 0.96, 15.04, 3.04 ], "texture": "#texture", "cullface": "east" },
				"north": { "uv": [ 12.96, 0.96, 15.04, 3.04 ], "texture": "#texture", "cullface": "east" },
				"south": { "uv": [ 12.96, 0.96, 15.04, 3.04 ], "texture": "#texture", "cullface": "east" },
				"west": { "uv": [ 12.96, 0.96, 15.04, 3.04 ], "texture": "#texture", "cullface": "east" },
				"east": { "uv": [ 12.96, 0.96, 15.04, 3.04 ], "texture": "#texture", "cullface": "east" }
			}
		},
		{
			"__comment": "Voxels-CEA172",
			"from": [ 16.5, 6.5, 7 ],
			"to": [ 21.5, 7.5, 7.5 ],
			"faces": {
				"down": { "uv": [ 0.96, 4.96, 3.04, 7.04 ], "texture": "#texture", "cullface": "east" },
				"up": { "uv": [ 0.96, 4.96, 3.04, 7.04 ], "texture": "#texture", "cullface": "east" },
				"north": { "uv": [ 0.96, 4.96, 3.04, 7.04 ], "texture": "#texture", "cullface": "east" },
				"south": { "uv": [ 0.96, 4.96, 3.04, 7.04 ], "texture": "#texture", "cullface": "east" },
				"west": { "uv": [ 0.96, 4.96, 3.04, 7.04 ], "texture": "#texture", "cullface": "east" },
				"east": { "uv": [ 0.96, 4.96, 3.04, 7.04 ], "texture": "#texture", "cullface": "east" }
			}
		},
		{
			"__comment": "Voxels-CEA172",
			"from": [ 16.5, 6.5, 7.5 ],
			"to": [ 21.5, 7, 8 ],
			"faces": {
				"down": { "uv": [ 0.96, 4.96, 3.04, 7.04 ], "texture": "#texture", "cullface": "east" },
				"up": { "uv": [ 0.96, 4.96, 3.04, 7.04 ], "texture": "#texture", "cullface": "east" },
				"south": { "uv": [ 0.96, 4.96, 3.04, 7.04 ], "texture": "#texture", "cullface": "east" },
				"east": { "uv": [ 0.96, 4.96, 3.04, 7.04 ], "texture": "#texture", "cullface": "east" }
			}
		},
		{
			"__comment": "Voxels-CEA172",
			"from": [ 16.5, 7, 6.5 ],
			"to": [ 21.5, 7.5, 7 ],
			"faces": {
				"down": { "uv": [ 0.96, 4.96, 3.04, 7.04 ], "texture": "#texture", "cullface": "east" },
				"up": { "uv": [ 0.96, 4.96, 3.04, 7.04 ], "texture": "#texture", "cullface": "east" },
				"north": { "uv": [ 0.96, 4.96, 3.04, 7.04 ], "texture": "#texture", "cullface": "east" },
				"east": { "uv": [ 0.96, 4.96, 3.04, 7.04 ], "texture": "#texture", "cullface": "east" }
			}
		},
		{
			"__comment": "Voxels-CEA172",
			"from": [ 16.5, 7, 8 ],
			"to": [ 21.5, 7.5, 8.5 ],
			"faces": {
				"down": { "uv": [ 0.96, 4.96, 3.04, 7.04 ], "texture": "#texture", "cullface": "east" },
				"up": { "uv": [ 0.96, 4.96, 3.04, 7.04 ], "texture": "#texture", "cullface": "east" },
				"north": { "uv": [ 0.96, 4.96, 3.04, 7.04 ], "texture": "#texture", "cullface": "east" },
				"south": { "uv": [ 0.96, 4.96, 3.04, 7.04 ], "texture": "#texture", "cullface": "east" },
				"east": { "uv": [ 0.96, 4.96, 3.04, 7.04 ], "texture": "#texture", "cullface": "east" }
			}
		},
		{
			"__comment": "Voxels-CEA172",
			"from": [ 16.5, 7.5, 6 ],
			"to": [ 21.5, 9, 6.5 ],
			"faces": {
				"down": { "uv": [ 0.96, 4.96, 3.04, 7.04 ], "texture": "#texture", "cullface": "east" },
				"up": { "uv": [ 0.96, 4.96, 3.04, 7.04 ], "texture": "#texture", "cullface": "east" },
				"north": { "uv": [ 0.96, 4.96, 3.04, 7.04 ], "texture": "#texture", "cullface": "east" },
				"south": { "uv": [ 0.96, 4.96, 3.04, 7.04 ], "texture": "#texture", "cullface": "east" },
				"east": { "uv": [ 0.96, 4.96, 3.04, 7.04 ], "texture": "#texture", "cullface": "east" }
			}
		},
		{
			"__comment": "Voxels-CEA172",
			"from": [ 16.5, 7.5, 8.5 ],
			"to": [ 21.5, 9, 9 ],
			"faces": {
				"down": { "uv": [ 0.96, 4.96, 3.04, 7.04 ], "texture": "#texture", "cullface": "east" },
				"up": { "uv": [ 0.96, 4.96, 3.04, 7.04 ], "texture": "#texture", "cullface": "east" },
				"north": { "uv": [ 0.96, 4.96, 3.04, 7.04 ], "texture": "#texture", "cullface": "east" },
				"south": { "uv": [ 0.96, 4.96, 3.04, 7.04 ], "texture": "#texture", "cullface": "east" },
				"east": { "uv": [ 0.96, 4.96, 3.04, 7.04 ], "texture": "#texture", "cullface": "east" }
			}
		},
		{
			"__comment": "Voxels-CEA172",
			"from": [ 16.5, 9, 6.5 ],
			"to": [ 21.5, 9.5, 7 ],
			"faces": {
				"down": { "uv": [ 0.96, 4.96, 3.04, 7.04 ], "texture": "#texture", "cullface": "east" },
				"up": { "uv": [ 0.96, 4.96, 3.04, 7.04 ], "texture": "#texture", "cullface": "east" },
				"north": { "uv": [ 0.96, 4.96, 3.04, 7.04 ], "texture": "#texture", "cullface": "east" },
				"south": { "uv": [ 0.96, 4.96, 3.04, 7.04 ], "texture": "#texture", "cullface": "east" },
				"east": { "uv": [ 0.96, 4.96, 3.04, 7.04 ], "texture": "#texture", "cullface": "east" }
			}
		},
		{
			"__comment": "Voxels-CEA172",
			"from": [ 16.5, 9, 7.5 ],
			"to": [ 21.5, 10, 8 ],
			"faces": {
				"down": { "uv": [ 0.96, 4.96, 3.04, 7.04 ], "texture": "#texture", "cullface": "east" },
				"up": { "uv": [ 0.96, 4.96, 3.04, 7.04 ], "texture": "#texture", "cullface": "east" },
				"north": { "uv": [ 0.96, 4.96, 3.04, 7.04 ], "texture": "#texture", "cullface": "east" },
				"south": { "uv": [ 0.96, 4.96, 3.04, 7.04 ], "texture": "#texture", "cullface": "east" },
				"west": { "uv": [ 0.96, 4.96, 3.04, 7.04 ], "texture": "#texture", "cullface": "east" },
				"east": { "uv": [ 0.96, 4.96, 3.04, 7.04 ], "texture": "#texture", "cullface": "east" }
			}
		},
		{
			"__comment": "Voxels-CEA172",
			"from": [ 16.5, 9, 8 ],
			"to": [ 21.5, 9.5, 8.5 ],
			"faces": {
				"down": { "uv": [ 0.96, 4.96, 3.04, 7.04 ], "texture": "#texture", "cullface": "east" },
				"up": { "uv": [ 0.96, 4.96, 3.04, 7.04 ], "texture": "#texture", "cullface": "east" },
				"south": { "uv": [ 0.96, 4.96, 3.04, 7.04 ], "texture": "#texture", "cullface": "east" },
				"east": { "uv": [ 0.96, 4.96, 3.04, 7.04 ], "texture": "#texture", "cullface": "east" }
			}
		},
		{
			"__comment": "Voxels-CEA172",
			"from": [ 16.5, 9.5, 7 ],
			"to": [ 21.5, 10, 7.5 ],
			"faces": {
				"down": { "uv": [ 0.96, 4.96, 3.04, 7.04 ], "texture": "#texture", "cullface": "east" },
				"up": { "uv": [ 0.96, 4.96, 3.04, 7.04 ], "texture": "#texture", "cullface": "east" },
				"north": { "uv": [ 0.96, 4.96, 3.04, 7.04 ], "texture": "#texture", "cullface": "east" },
				"east": { "uv": [ 0.96, 4.96, 3.04, 7.04 ], "texture": "#texture", "cullface": "east" }
			}
		},
		{
			"__comment": "Voxels-CEA172",
			"from": [ 18, 8.5, 7 ],
			"to": [ 20.5, 9, 7.5 ],
			"faces": {
				"down": { "uv": [ 0.96, 4.96, 3.04, 7.04 ], "texture": "#texture", "cullface": "east" },
				"north": { "uv": [ 0.96, 4.96, 3.04, 7.04 ], "texture": "#texture", "cullface": "east" },
				"south": { "uv": [ 0.96, 4.96, 3.04, 7.04 ], "texture": "#texture", "cullface": "east" },
				"east": { "uv": [ 0.96, 4.96, 3.04, 7.04 ], "texture": "#texture", "cullface": "east" }
			}
		},
		{
			"__comment": "Voxels-CEA172",
			"from": [ 18.5, 7.5, 8 ],
			"to": [ 19.5, 8, 8.5 ],
			"faces": {
				"up": { "uv": [ 0.96, 4.96, 3.04, 7.04 ], "texture": "#texture", "cullface": "east" },
				"north": { "uv": [ 0.96, 4.96, 3.04, 7.04 ], "texture": "#texture", "cullface": "east" }
			}
		},
		{
			"__comment": "Voxels-CEA172",
			"from": [ 18.5, 8, 6.5 ],
			"to": [ 20, 8.5, 7.5 ],
			"faces": {
				"down": { "uv": [ 0.96, 4.96, 3.04, 7.04 ], "texture": "#texture", "cullface": "east" },
				"up": { "uv": [ 0.96, 4.96, 3.04, 7.04 ], "texture": "#texture", "cullface": "east" },
				"west": { "uv": [ 0.96, 4.96, 3.04, 7.04 ], "texture": "#texture", "cullface": "east" },
				"east": { "uv": [ 0.96, 4.96, 3.04, 7.04 ], "texture": "#texture", "cullface": "east" }
			}
		},
		{
			"__comment": "Voxels-CEA172",
			"from": [ 18.5, 8.5, 7.5 ],
			"to": [ 20.5, 9, 8 ],
			"faces": {
				"down": { "uv": [ 0.96, 4.96, 3.04, 7.04 ], "texture": "#texture", "cullface": "east" },
				"east": { "uv": [ 0.96, 4.96, 3.04, 7.04 ], "texture": "#texture", "cullface": "east" }
			}
		},
		{
			"__comment": "Voxels-CEA172",
			"from": [ 19, 7.5, 6.5 ],
			"to": [ 21.5, 8, 7 ],
			"faces": {
				"up": { "uv": [ 0.96, 4.96, 3.04, 7.04 ], "texture": "#texture", "cullface": "east" },
				"south": { "uv": [ 0.96, 4.96, 3.04, 7.04 ], "texture": "#texture", "cullface": "east" },
				"east": { "uv": [ 0.96, 4.96, 3.04, 7.04 ], "texture": "#texture", "cullface": "east" }
			}
		},
		{
			"__comment": "Voxels-004400",
			"from": [ 19, 7.5, 7.5 ],
			"to": [ 20.5, 8, 8 ],
			"faces": {
				"up": { "uv": [ 12.96, 8.96, 15.04, 11.04 ], "texture": "#texture", "cullface": "east" },
				"north": { "uv": [ 12.96, 8.96, 15.04, 11.04 ], "texture": "#texture", "cullface": "east" },
				"south": { "uv": [ 12.96, 8.96, 15.04, 11.04 ], "texture": "#texture", "cullface": "east" },
				"east": { "uv": [ 12.96, 8.96, 15.04, 11.04 ], "texture": "#texture", "cullface": "east" }
			}
		},
		{
			"__comment": "Voxels-004400",
			"from": [ 19, 8, 8 ],
			"to": [ 20.5, 8.5, 8.5 ],
			"faces": {
				"down": { "uv": [ 12.96, 8.96, 15.04, 11.04 ], "texture": "#texture", "cullface": "east" },
				"north": { "uv": [ 12.96, 8.96, 15.04, 11.04 ], "texture": "#texture", "cullface": "east" },
				"east": { "uv": [ 12.96, 8.96, 15.04, 11.04 ], "texture": "#texture", "cullface": "east" }
			}
		},
		{
			"__comment": "Voxels-CEA172",
			"from": [ 19.5, 7.5, 7 ],
			"to": [ 20, 8, 7.5 ],
			"faces": {
				"east": { "uv": [ 0.96, 4.96, 3.04, 7.04 ], "texture": "#texture", "cullface": "east" }
			}
		},
		{
			"__comment": "Voxels-CEA172",
			"from": [ 20, 7.5, 8 ],
			"to": [ 21.5, 8, 8.5 ],
			"faces": {
				"up": { "uv": [ 0.96, 4.96, 3.04, 7.04 ], "texture": "#texture", "cullface": "east" },
				"north": { "uv": [ 0.96, 4.96, 3.04, 7.04 ], "texture": "#texture", "cullface": "east" },
				"east": { "uv": [ 0.96, 4.96, 3.04, 7.04 ], "texture": "#texture", "cullface": "east" }
			}
		},
		{
			"__comment": "Voxels-CEA172",
			"from": [ 20, 8, 7 ],
			"to": [ 20.5, 8.5, 8 ],
			"faces": {
				"down": { "uv": [ 0.96, 4.96, 3.04, 7.04 ], "texture": "#texture", "cullface": "east" },
				"up": { "uv": [ 0.96, 4.96, 3.04, 7.04 ], "texture": "#texture", "cullface": "east" },
				"north": { "uv": [ 0.96, 4.96, 3.04, 7.04 ], "texture": "#texture", "cullface": "east" },
				"west": { "uv": [ 0.96, 4.96, 3.04, 7.04 ], "texture": "#texture", "cullface": "east" },
				"east": { "uv": [ 0.96, 4.96, 3.04, 7.04 ], "texture": "#texture", "cullface": "east" }
			}
		},
		{
			"__comment": "Voxels-CEA172",
			"from": [ 20, 8.5, 6.5 ],
			"to": [ 21.5, 9, 7 ],
			"faces": {
				"down": { "uv": [ 0.96, 4.96, 3.04, 7.04 ], "texture": "#texture", "cullface": "east" },
				"south": { "uv": [ 0.96, 4.96, 3.04, 7.04 ], "texture": "#texture", "cullface": "east" },
				"east": { "uv": [ 0.96, 4.96, 3.04, 7.04 ], "texture": "#texture", "cullface": "east" }
			}
		},
		{
			"__comment": "Voxels-CEA172",
			"from": [ 20.5, 7, 7.5 ],
			"to": [ 21.5, 7.5, 8 ],
			"faces": {
				"up": { "uv": [ 0.96, 4.96, 3.04, 7.04 ], "texture": "#texture", "cullface": "east" },
				"east": { "uv": [ 0.96, 4.96, 3.04, 7.04 ], "texture": "#texture", "cullface": "east" }
			}
		},
		{
			"__comment": "Voxels-CEA172",
			"from": [ 20.5, 8.5, 8 ],
			"to": [ 21.5, 9, 8.5 ],
			"faces": {
				"down": { "uv": [ 0.96, 4.96, 3.04, 7.04 ], "texture": "#texture", "cullface": "east" },
				"north": { "uv": [ 0.96, 4.96, 3.04, 7.04 ], "texture": "#texture", "cullface": "east" },
				"east": { "uv": [ 0.96, 4.96, 3.04, 7.04 ], "texture": "#texture", "cullface": "east" }
			}
		},
		{
			"__comment": "Voxels-CEA172",
			"from": [ 20.5, 9, 7 ],
			"to": [ 21.5, 9.5, 7.5 ],
			"faces": {
				"down": { "uv": [ 0.96, 4.96, 3.04, 7.04 ], "texture": "#texture", "cullface": "east" },
				"east": { "uv": [ 0.96, 4.96, 3.04, 7.04 ], "texture": "#texture", "cullface": "east" }
			}
		},
		{
			"__comment": "PlaneX",
			"from": [ -1.5, 9.5, 4.5 ],
			"to": [ -1.499, 16, 8.5 ],
			"faces": {
				"west": { "uv": [ 0, 0, 16, 16 ], "texture": "#texture2", "cullface": "west" },
				"east": { "uv": [ 0, 0, 16, 16 ], "texture": "#texture2", "cullface": "west" }
			}
		}
	],
	"display": {
		"thirdperson_righthand": {
			"rotation":  [ 0, -65, 0 ],
			"translation":  [ -2, -1, -2.5 ],
			"scale":  [ 0.25, 0.25, 0.25 ]
		},
		"thirdperson_lefthand": {
			"rotation":  [ 0, 120, 0 ],
			"translation":  [ -2, -1, -2.5 ],
			"scale":  [ 0.25, 0.25, 0.25 ]
		},
		"firstperson_righthand": {
			"rotation":  [ 0, -90, -15 ],
			"translation":  [ 0, 3.5, 0 ],
			"scale":  [ 0.3, 0.3, 0.3 ]
		},
		"firstperson_lefthand": {
			"rotation":  [ 0, 90, 15 ],
			"translation":  [ 0, 3.5, 0 ],
			"scale":  [ 0.3, 0.3, 0.3 ]
		},
		"gui": {
			"rotation":  [ 30, 45, 0 ],
			"translation":  [ -1, -1, 0 ],
			"scale":  [ 0.6, 0.6, 0.6 ]
		},
		"head": {
			"rotation":  [ 0, -90, 15 ],
			"translation":  [ 1.25, -6.5, -10 ],
			"scale":  [ 0.3, 0.3, 0.3 ]
		},
		"ground": {
			"rotation":  [ 145, 0, 0 ],
			"translation":  [ 0, 5.025, 0 ],
			"scale":  [ 0.2, 0.2, 0.2 ]
		},
		"fixed": {
			"rotation":  [ 0, 0, -45 ],
			"translation":  [ -0.5, 1, 0 ],
			"scale":  [ 0.45, 0.45, 0.45 ]
		}
	}
}