{
  "speech.clemenceau": {
    "category": "master",
    "sounds": [
      "speech/clemenceau"
    ]
  },
  "speech.vladmirlenin": {
    "category": "master",
    "sounds": [
      "speech/vladmirlenin"
    ]
  },
  "speech.kaiserwilhelm": {
    "category": "master",
    "sounds": [
      "speech/kaiserwilhelm"
    ]
  },
  "speech.dlg": {
    "category": "master",
    "sounds": [
      "speech/dlg"
    ]
  },
  "speech.woodrowwilson": {
    "category": "master",
    "sounds": [
      "speech/woodrowwilson"
    ]
  },
  "music.thelongsong": {
    "category": "master",
    "sounds": [
      "music/longsong"
    ]
  },
  "shoot.colt": {
    "category": "master",
    "sounds": [
      "shoot/colt"
    ]
  },
  "shoot.luger": {
    "category": "master",
    "sounds": [
      "shoot/luger"
    ]
  },
  "shoot.mauser": {
    "category": "master",
    "sounds": [
      "shoot/mauser"
    ]
  },
  "shoot.enfield": {
    "category": "master",
    "sounds": [
      "shoot/enfield"
    ]
  },
  "shoot.winchester": {
    "category": "master",
    "sounds": [
      "shoot/winchester"
    ]
  },
  "shoot.browning": {
    "category": "master",
    "sounds": [
      "shoot/browning"
    ]
  }
}
 